action_type,activity_comment,activity_id,activity_properties,assay_chembl_id,assay_description,assay_type,assay_variant_accession,assay_variant_mutation,bao_endpoint,bao_format,bao_label,canonical_smiles,data_validity_comment,data_validity_description,document_chembl_id,document_journal,document_year,ligand_efficiency,molecule_chembl_id,molecule_pref_name,parent_molecule_chembl_id,pchembl_value,potential_duplicate,qudt_units,record_id,relation,src_id,standard_flag,standard_relation,standard_text_value,standard_type,standard_units,standard_upper_value,standard_value,target_chembl_id,target_organism,target_pref_name,target_tax_id,text_value,toid,type,units,uo_units,upper_value,value,pIC50
,,391560,[],CHEMBL653332,Compound was tested for its inhibitory activity against human beta-Secretase (BACE),B,,,BAO_0000190,BAO_0000357,single protein format,CC(C)C[C@H](NC(=O)[C@H](CC(N)=O)NC(=O)[C@@H](NC(=O)[C@@H](N)CCC(=O)O)C(C)C)[C@@H](O)C[C@@H](C)C(=O)N[C@@H](C)C(=O)N[C@@H](CCC(=O)O)C(=O)N[C@@H](Cc1ccccc1)C(=O)O,,,CHEMBL1144938,J Med Chem,2003,"{'bei': '9.74', 'le': '0.19', 'lle': '10.44', 'sei': '2.31'}",CHEMBL78946,,CHEMBL78946,8.70,0,http://www.openphacts.org/units/Nanomolar,274693,=,1,1,=,,IC50,nM,,2.0,CHEMBL4822,Homo sapiens,Beta-secretase 1,9606,,,IC50,uM,UO_0000065,,0.002,8.698970004336019
,,413277,[],CHEMBL653332,Compound was tested for its inhibitory activity against human beta-Secretase (BACE),B,,,BAO_0000190,BAO_0000357,single protein format,CSCC[C@H](NC(=O)[C@@H](NC(=O)OC(C)(C)C)C(C)C)C(=O)N[C@@H](CC(C)C)[C@@H](O)C[C@@H](C)C(=O)N[C@H](C(=O)NCc1ccccc1)C(C)C,,,CHEMBL1144938,J Med Chem,2003,"{'bei': '12.05', 'le': '0.24', 'lle': '4.55', 'sei': '4.97'}",CHEMBL290001,,CHEMBL290001,8.70,0,http://www.openphacts.org/units/Nanomolar,274692,=,1,1,=,,IC50,nM,,2.0,CHEMBL4822,Homo sapiens,Beta-secretase 1,9606,,,IC50,uM,UO_0000065,,0.002,8.698970004336019
,,400254,[],CHEMBL653332,Compound was tested for its inhibitory activity against human beta-Secretase (BACE),B,,,BAO_0000190,BAO_0000357,single protein format,CC(C)[C@H](NC(=O)C[C@H](O)[C@H](Cc1cc(F)cc(F)c1)NC(=O)C(O)c1ccccc1-c1ccccc1)C(=O)Nc1cc(C(=O)O)cc(C(=O)O)c1,,,CHEMBL1144938,J Med Chem,2003,"{'bei': '10.73', 'le': '0.20', 'lle': '3.38', 'sei': '3.80'}",CHEMBL143239,,CHEMBL143239,7.70,0,http://www.openphacts.org/units/Nanomolar,274694,=,1,1,=,,IC50,nM,,20.0,CHEMBL4822,Homo sapiens,Beta-secretase 1,9606,,,IC50,uM,UO_0000065,,0.02,7.698970004336019
,,765987,[],CHEMBL653496,"Inhibition of human brain beta-secretase, using MBPC125Swe (maltose-binding-protein C-125 Swedish) assay",B,,,BAO_0000190,BAO_0000219,cell-based format,CSCC[C@H](NC(=O)[C@@H](NC(C)=O)C(C)C)C(=O)N[C@@H](CC(C)C)C(O)C[C@H](C(=O)N[C@@H](C)C(=O)N[C@@H](CCC(=O)O)C(=O)N[C@@H](Cc1ccccc1)C(=O)O)C(C)C,,,CHEMBL1135590,J Med Chem,2002,"{'bei': '9.05', 'le': '0.18', 'lle': '6.09', 'sei': '2.86'}",CHEMBL90043,,CHEMBL90043,7.70,0,http://www.openphacts.org/units/Nanomolar,160151,=,1,1,=,,IC50,nM,,20.0,CHEMBL4822,Homo sapiens,Beta-secretase 1,9606,,,IC50,uM,UO_0000065,,0.02,7.698970004336019
,,402256,[],CHEMBL653512,Inhibition of human Beta-secretase 1,B,,,BAO_0000190,BAO_0000357,single protein format,CCC(C)C[C@H](NC(=O)[C@H](CC(C)C)NC(C)=O)[C@@H](O)CC(=O)N[C@@H](Cc1ccccc1)[C@@H](O)CC(=O)N[C@H](C(=O)NCc1ccc(C(=O)O)cc1)C(C)C,,,CHEMBL1147464,Bioorg Med Chem Lett,2004,"{'bei': '10.00', 'le': '0.19', 'lle': '4.84', 'sei': '3.44'}",CHEMBL332948,,CHEMBL332948,7.68,0,http://www.openphacts.org/units/Nanomolar,219977,=,1,1,=,,IC50,nM,,21.0,CHEMBL4822,Homo sapiens,Beta-secretase 1,9606,,,IC50,uM,UO_0000065,,0.021,7.6777807052660805
,,547401,[],CHEMBL653510,In vitro inhibition of Beta-secretase-1 in HEK293 (Human Embryonic Kidney) cell line.,B,,,BAO_0000190,BAO_0000219,cell-based format,CSCC[C@H](NC(=O)[C@@H](NC(=O)OC(C)(C)C)C(C)C)C(=O)N[C@@H](Cc1ccccc1)[C@@H](O)C[C@@H](C)C(=O)N[C@H](C(=O)NCc1ccccc1)C(C)C,,,CHEMBL1146698,Bioorg Med Chem Lett,2004,"{'bei': '9.99', 'le': '0.19', 'lle': '3.20', 'sei': '4.32'}",CHEMBL312277,,CHEMBL312277,7.55,0,http://www.openphacts.org/units/Nanomolar,144092,=,1,1,=,,IC50,nM,,28.0,CHEMBL4822,Homo sapiens,Beta-secretase 1,9606,,,IC50,nM,UO_0000065,,28.0,7.552841968657781
,,408358,[],CHEMBL653332,Compound was tested for its inhibitory activity against human beta-Secretase (BACE),B,,,BAO_0000190,BAO_0000357,single protein format,CCC(O)[C@H](NC(=O)[C@@H](N)CCCN)C(=O)N[C@@H](CCC(=O)O)C(=O)N[C@@H](CCC(=O)O)C(=O)N[C@H](C(=O)N[C@@H](CO)C(=O)N[C@@H](CCC(=O)O)C(=O)N[C@H](C(=O)N[C@@H](CCSC)C(=O)N[C@@H](CC(C)C)[C@@H](O)CC(=O)N[C@H](C(=O)N[C@@H](C)C(=O)N[C@@H](CCC(=O)O)C(=O)N[C@@H](Cc1ccccc1)C(=O)O)C(C)C)C(C)C)[C@@H](C)CC,,,CHEMBL1144938,J Med Chem,2003,"{'bei': '4.51', 'le': None, 'lle': None, 'sei': None}",CHEMBL2370886,,CHEMBL2370886,7.52,0,http://www.openphacts.org/units/Nanomolar,274689,=,1,1,=,,IC50,nM,,30.0,CHEMBL4822,Homo sapiens,Beta-secretase 1,9606,,,IC50,uM,UO_0000065,,0.03,7.522878745280337
,,775060,[],CHEMBL653496,"Inhibition of human brain beta-secretase, using MBPC125Swe (maltose-binding-protein C-125 Swedish) assay",B,,,BAO_0000190,BAO_0000219,cell-based format,CC[C@H](C)[C@H](NC(=O)[C@H](CCC(=O)O)NC(=O)[C@H](CCC(=O)O)NC(=O)[C@@H](NC(=O)[C@@H](N)CCCCN)[C@@H](C)O)C(=O)N[C@@H](CO)C(=O)N[C@@H](CCC(=O)O)C(=O)N[C@H](C(=O)N[C@@H](CC(N)=O)C(=O)N[C@@H](CC(C)C)[C@@H](O)CC(=O)N[C@H](C(=O)N[C@@H](C)C(=O)N[C@@H](CCC(=O)O)C(=O)N[C@@H](Cc1ccccc1)C(=O)O)C(C)C)C(C)C,,,CHEMBL1135590,J Med Chem,2002,"{'bei': '4.55', 'le': None, 'lle': None, 'sei': None}",CHEMBL412768,,CHEMBL412768,7.52,0,http://www.openphacts.org/units/Nanomolar,160181,=,1,1,=,,IC50,nM,,30.0,CHEMBL4822,Homo sapiens,Beta-secretase 1,9606,,,IC50,uM,UO_0000065,,0.03,7.522878745280337
,,497258,[],CHEMBL653509,In vitro inhibitory activity against Beta-secretase 1 in human HEK293 cells,B,,,BAO_0000190,BAO_0000219,cell-based format,CC[C@H](C)[C@H](O)C(=O)N[C@@H](C)C(=O)N[C@@H](Cc1ccccc1)[C@@H](O)C[C@@H](C)C(=O)N[C@H](C(=O)NCc1ccncc1)C(C)C,,,CHEMBL1146699,Bioorg Med Chem Lett,2004,"{'bei': '12.19', 'le': '0.23', 'lle': '5.60', 'sei': '4.39'}",CHEMBL1790644,,CHEMBL1790644,7.46,0,http://www.openphacts.org/units/Nanomolar,149776,=,1,1,=,,IC50,nM,,35.0,CHEMBL4822,Homo sapiens,Beta-secretase 1,9606,,,IC50,uM,UO_0000065,,0.035,7.455931955649724
,,479513,[],CHEMBL653509,In vitro inhibitory activity against Beta-secretase 1 in human HEK293 cells,B,,,BAO_0000190,BAO_0000219,cell-based format,CC(C)[C@H](O)C(=O)N[C@@H](C)C(=O)N[C@@H](Cc1ccccc1)[C@@H](O)C[C@@H](C)C(=O)N[C@H](C(=O)NCc1ccccc1)C(C)C,,,CHEMBL1146699,Bioorg Med Chem Lett,2004,"{'bei': '12.45', 'le': '0.24', 'lle': '5.35', 'sei': '4.74'}",CHEMBL316181,,CHEMBL316181,7.43,0,http://www.openphacts.org/units/Nanomolar,149775,=,1,1,=,,IC50,nM,,37.0,CHEMBL4822,Homo sapiens,Beta-secretase 1,9606,,,IC50,uM,UO_0000065,,0.037,7.431798275933005
,,755032,[],CHEMBL653496,"Inhibition of human brain beta-secretase, using MBPC125Swe (maltose-binding-protein C-125 Swedish) assay",B,,,BAO_0000190,BAO_0000219,cell-based format,CC(C)C[C@H](NC(=O)[C@H](CC(N)=O)NC(=O)[C@@H](NC(=O)[C@@H](N)CCC(=O)O)C(C)C)C(O)CC(=O)N[C@H](C(=O)N[C@@H](C)C(=O)N[C@@H](CCC(=O)O)C(=O)N[C@@H](Cc1ccccc1)C(=O)O)C(C)C,,,CHEMBL1135590,J Med Chem,2002,"{'bei': '7.67', 'le': '0.15', 'lle': '9.63', 'sei': '1.83'}",CHEMBL2370116,,CHEMBL2370116,7.40,0,http://www.openphacts.org/units/Nanomolar,160145,=,1,1,=,,IC50,nM,,40.0,CHEMBL4822,Homo sapiens,Beta-secretase 1,9606,,,IC50,uM,UO_0000065,,0.04,7.3979400086720375
,,514521,[],CHEMBL653510,In vitro inhibition of Beta-secretase-1 in HEK293 (Human Embryonic Kidney) cell line.,B,,,BAO_0000190,BAO_0000219,cell-based format,CCC[C@H](NC(=O)OC(C)(C)C)C(=O)N[C@@H](C)C(=O)N[C@@H](Cc1ccccc1)[C@@H](O)C[C@@H](C)C(=O)N[C@H](C(=O)NCc1ccncc1)C(C)C,,,CHEMBL1146698,Bioorg Med Chem Lett,2004,"{'bei': '10.60', 'le': '0.20', 'lle': '4.24', 'sei': '3.93'}",CHEMBL78781,,CHEMBL78781,7.39,0,http://www.openphacts.org/units/Nanomolar,144102,=,1,1,=,,IC50,nM,,41.0,CHEMBL4822,Homo sapiens,Beta-secretase 1,9606,,,IC50,nM,UO_0000065,,41.0,7.3872161432802645
,,544644,[],CHEMBL653510,In vitro inhibition of Beta-secretase-1 in HEK293 (Human Embryonic Kidney) cell line.,B,,,BAO_0000190,BAO_0000219,cell-based format,CC[C@@H](C)[C@H](NC(=O)OC(C)(C)C)C(=O)N[C@@H](C)C(=O)N[C@@H](Cc1ccccc1)[C@@H](O)C[C@@H](C)C(=O)N[C@H](C(=O)NCc1ccncc1)C(C)C,,,CHEMBL1146698,Bioorg Med Chem Lett,2004,"{'bei': '10.38', 'le': '0.20', 'lle': '3.98', 'sei': '3.93'}",CHEMBL1790594,,CHEMBL1790594,7.38,0,http://www.openphacts.org/units/Nanomolar,144099,=,1,1,=,,IC50,nM,,42.0,CHEMBL4822,Homo sapiens,Beta-secretase 1,9606,,,IC50,nM,UO_0000065,,42.0,7.376750709602099
,,514523,[],CHEMBL653510,In vitro inhibition of Beta-secretase-1 in HEK293 (Human Embryonic Kidney) cell line.,B,,,BAO_0000190,BAO_0000219,cell-based format,CC(C)[C@H](NC(=O)[C@H](C)C[C@H](O)[C@H](Cc1ccccc1)NC(=O)[C@H](C)NC(=O)[C@H](CC(F)F)NC(=O)OC(C)(C)C)C(=O)NCc1ccncc1,,,CHEMBL1146698,Bioorg Med Chem Lett,2004,"{'bei': '10.22', 'le': '0.20', 'lle': '4.34', 'sei': '3.91'}",CHEMBL81490,,CHEMBL81490,7.35,0,http://www.openphacts.org/units/Nanomolar,144106,=,1,1,=,,IC50,nM,,45.0,CHEMBL4822,Homo sapiens,Beta-secretase 1,9606,,,IC50,nM,UO_0000065,,45.0,7.346787486224656
,,478268,[],CHEMBL653509,In vitro inhibitory activity against Beta-secretase 1 in human HEK293 cells,B,,,BAO_0000190,BAO_0000219,cell-based format,CC[C@H](C)[C@H](O)C(=O)N[C@@H](CCC(F)F)C(=O)N[C@@H](Cc1ccccc1)[C@@H](O)C[C@@H](CCC(F)F)C(=O)N[C@H](C(=O)NCc1ccncc1)C(C)C,,,CHEMBL1146699,Bioorg Med Chem Lett,2004,"{'bei': '9.93', 'le': '0.19', 'lle': '3.43', 'sei': '4.33'}",CHEMBL432560,,CHEMBL432560,7.35,0,http://www.openphacts.org/units/Nanomolar,149772,=,1,1,=,,IC50,nM,,45.0,CHEMBL4822,Homo sapiens,Beta-secretase 1,9606,,,IC50,uM,UO_0000065,,0.045,7.346787486224656
,,1186794,[],CHEMBL653498,Inhibition of human beta-secretase,B,,,BAO_0000190,BAO_0000357,single protein format,CC(C)C[C@H](NC(=O)[C@H](CC(N)=O)NC(=O)[C@@H](NC(=O)[C@@H](N)CCC(=O)O)C(C)C)[C@@H](O)CC(=O)N[C@H](C(=O)N[C@@H](C)C(=O)N[C@@H](CCC(=O)O)C(=O)N[C@@H](Cc1ccccc1)C(=O)O)C(C)C,,,CHEMBL1145754,Bioorg Med Chem Lett,2003,"{'bei': '7.61', 'le': '0.15', 'lle': '9.57', 'sei': '1.81'}",CHEMBL137755,,CHEMBL137755,7.34,0,http://www.openphacts.org/units/Nanomolar,262821,=,1,1,=,,IC50,nM,,46.0,CHEMBL4822,Homo sapiens,Beta-secretase 1,9606,,,IC50,uM,UO_0000065,,0.046,7.337242168318426
,,544641,[],CHEMBL653510,In vitro inhibition of Beta-secretase-1 in HEK293 (Human Embryonic Kidney) cell line.,B,,,BAO_0000190,BAO_0000219,cell-based format,CC(C)[C@H](NC(=O)[C@@H](N)CCC(=O)O)C(=O)N[C@@H](CC(N)=O)C(=O)N[C@@H](CC1CCCCC1)[C@@H](O)C[C@H](C(=O)N[C@H](C)C(=O)N[C@H](CCC(=O)O)C(=O)N[C@H](Cc1ccccc1)C(=O)O)C(C)(C)O,,,CHEMBL1146698,Bioorg Med Chem Lett,2004,"{'bei': '7.48', 'le': '0.14', 'lle': '8.37', 'sei': '1.85'}",CHEMBL311262,,CHEMBL311262,7.31,0,http://www.openphacts.org/units/Nanomolar,144110,=,1,1,=,,IC50,nM,,49.0,CHEMBL4822,Homo sapiens,Beta-secretase 1,9606,,,IC50,nM,UO_0000065,,49.0,7.309803919971486
,,405238,[],CHEMBL653512,Inhibition of human Beta-secretase 1,B,,,BAO_0000190,BAO_0000357,single protein format,CC(=O)N[C@@H](CC(C)C)C(=O)N[C@@H](Cc1ccccc1)[C@@H](O)CC(=O)N[C@@H](CC1CCCCC1)[C@@H](O)CC(=O)N[C@H](C(=O)NCc1ccc(C(=O)O)cc1)C(C)C,,,CHEMBL1147464,Bioorg Med Chem Lett,2004,"{'bei': '9.20', 'le': '0.17', 'lle': '3.92', 'sei': '3.27'}",CHEMBL332260,,CHEMBL332260,7.30,0,http://www.openphacts.org/units/Nanomolar,219980,=,1,1,=,,IC50,nM,,50.0,CHEMBL4822,Homo sapiens,Beta-secretase 1,9606,,,IC50,uM,UO_0000065,,0.05,7.301029995663981
,,492737,[],CHEMBL653509,In vitro inhibitory activity against Beta-secretase 1 in human HEK293 cells,B,,,BAO_0000190,BAO_0000219,cell-based format,CC[C@H](C[C@H](O)[C@H](Cc1ccccc1)NC(=O)[C@H](C)NC(=O)[C@@H](O)C(C)C)C(=O)N[C@H](C(=O)N[C@@H](C)c1ccccc1)C(C)C,,,CHEMBL1146699,Bioorg Med Chem Lett,2004,"{'bei': '11.56', 'le': '0.22', 'lle': '4.19', 'sei': '4.60'}",CHEMBL84249,,CHEMBL84249,7.22,0,http://www.openphacts.org/units/Nanomolar,149774,=,1,1,=,,IC50,nM,,60.0,CHEMBL4822,Homo sapiens,Beta-secretase 1,9606,,,IC50,uM,UO_0000065,,0.06,7.221848749616356
,,513172,[],CHEMBL653510,In vitro inhibition of Beta-secretase-1 in HEK293 (Human Embryonic Kidney) cell line.,B,,,BAO_0000190,BAO_0000219,cell-based format,CCC[C@H](NC(=O)OC(C)(C)C)C(=O)N[C@@H](CCSC)C(=O)N[C@@H](Cc1ccccc1)[C@@H](O)C[C@@H](C)C(=O)N[C@H](C(=O)NCc1ccncc1)C(C)C,,,CHEMBL1146698,Bioorg Med Chem Lett,2004,"{'bei': '9.54', 'le': '0.19', 'lle': '3.34', 'sei': '3.84'}",CHEMBL81037,,CHEMBL81037,7.22,0,http://www.openphacts.org/units/Nanomolar,144103,=,1,1,=,,IC50,nM,,60.0,CHEMBL4822,Homo sapiens,Beta-secretase 1,9606,,,IC50,nM,UO_0000065,,60.0,7.221848749616356
,,535556,[],CHEMBL653510,In vitro inhibition of Beta-secretase-1 in HEK293 (Human Embryonic Kidney) cell line.,B,,,BAO_0000190,BAO_0000219,cell-based format,CC(C)C[C@H](NC(=O)OC(C)(C)C)C(=O)N[C@@H](C)C(=O)N[C@@H](Cc1ccccc1)[C@@H](O)C[C@@H](C)C(=O)N[C@H](C(=O)NCc1ccncc1)C(C)C,,,CHEMBL1146698,Bioorg Med Chem Lett,2004,"{'bei': '10.13', 'le': '0.19', 'lle': '3.80', 'sei': '3.83'}",CHEMBL309884,,CHEMBL309884,7.20,0,http://www.openphacts.org/units/Nanomolar,144100,=,1,1,=,,IC50,nM,,63.0,CHEMBL4822,Homo sapiens,Beta-secretase 1,9606,,,IC50,nM,UO_0000065,,63.0,7.200659450546418
,,484505,[],CHEMBL653509,In vitro inhibitory activity against Beta-secretase 1 in human HEK293 cells,B,,,BAO_0000190,BAO_0000219,cell-based format,CC[C@H](C)[C@H](O)C(=O)N[C@@H](CCCF)C(=O)N[C@@H](Cc1ccccc1)[C@@H](O)C[C@@H](CCCF)C(=O)N[C@H](C(=O)NCc1ccncc1)C(C)C,,,CHEMBL1146699,Bioorg Med Chem Lett,2004,"{'bei': '10.19', 'le': '0.20', 'lle': '3.85', 'sei': '4.23'}",CHEMBL433329,,CHEMBL433329,7.17,0,http://www.openphacts.org/units/Nanomolar,149782,=,1,1,=,,IC50,nM,,67.0,CHEMBL4822,Homo sapiens,Beta-secretase 1,9606,,,IC50,uM,UO_0000065,,0.067,7.173925197299173
,,1193276,[],CHEMBL653498,Inhibition of human beta-secretase,B,,,BAO_0000190,BAO_0000357,single protein format,CC[C@H](C)[C@H](NC(=O)C1CCCCO1)C(=O)N[C@@H](C)C(=O)N[C@@H](CC(C)C)[C@@H](O)CC(=O)N[C@H](C(=O)NCc1cccc(C(=O)O)c1)C(C)C,,,CHEMBL1145754,Bioorg Med Chem Lett,2003,"{'bei': '10.17', 'le': '0.20', 'lle': '5.13', 'sei': '3.37'}",CHEMBL1791017,,CHEMBL1791017,7.16,0,http://www.openphacts.org/units/Nanomolar,262839,=,1,1,=,,IC50,nM,,69.0,CHEMBL4822,Homo sapiens,Beta-secretase 1,9606,,,IC50,uM,UO_0000065,,0.069,7.161150909262744
,,543439,[],CHEMBL653510,In vitro inhibition of Beta-secretase-1 in HEK293 (Human Embryonic Kidney) cell line.,B,,,BAO_0000190,BAO_0000219,cell-based format,CSCC[C@H](NC(=O)[C@@H](NC(=O)OC(C)(C)C)C(C)C)C(=O)N[C@@H](Cc1ccccc1)[C@@H](O)C[C@@H](C)C(=O)N[C@H](C(=O)NCc1ccncc1)C(C)C,,,CHEMBL1146698,Bioorg Med Chem Lett,2004,"{'bei': '9.45', 'le': '0.18', 'lle': '3.41', 'sei': '3.81'}",CHEMBL310452,,CHEMBL310452,7.16,0,http://www.openphacts.org/units/Nanomolar,144108,=,1,1,=,,IC50,nM,,70.0,CHEMBL4822,Homo sapiens,Beta-secretase 1,9606,,,IC50,nM,UO_0000065,,70.0,7.154901959985743
,,526071,[],CHEMBL653510,In vitro inhibition of Beta-secretase-1 in HEK293 (Human Embryonic Kidney) cell line.,B,,,BAO_0000190,BAO_0000219,cell-based format,CC[C@H](NC(=O)OC(C)(C)C)C(=O)N[C@@H](C)C(=O)N[C@@H](Cc1ccccc1)[C@@H](O)C[C@@H](C)C(=O)N[C@H](C(=O)NCc1ccncc1)C(C)C,,,CHEMBL1146698,Bioorg Med Chem Lett,2004,"{'bei': '10.43', 'le': '0.20', 'lle': '4.36', 'sei': '3.79'}",CHEMBL78459,,CHEMBL78459,7.12,0,http://www.openphacts.org/units/Nanomolar,144101,=,1,1,=,,IC50,nM,,75.0,CHEMBL4822,Homo sapiens,Beta-secretase 1,9606,,,IC50,nM,UO_0000065,,75.0,7.1249387366083
,,1054746,[],CHEMBL653497,Inhibition of human beta-secretase (BACE) in MBP-C125 assay,B,,,BAO_0000190,BAO_0000357,single protein format,CSCC[C@H](NC(=O)[C@@H](NC(=O)OC(C)(C)C)C(C)C)C(=O)NC(CC(C)C)[C@@H](O)CC(=O)N[C@@H](C(=O)NCc1ccc2c(c1)OCO2)C(C)C,,,CHEMBL1145027,J Med Chem,2003,,CHEMBL50313,,CHEMBL50313,,0,http://www.openphacts.org/units/Nanomolar,86651,>,1,1,>,,IC50,nM,,100000.0,CHEMBL4822,Homo sapiens,Beta-secretase 1,9606,,,IC50,uM,UO_0000065,,100.0,4.0
,,767051,[],CHEMBL653496,"Inhibition of human brain beta-secretase, using MBPC125Swe (maltose-binding-protein C-125 Swedish) assay",B,,,BAO_0000190,BAO_0000219,cell-based format,CSCC[C@H](NC(=O)[C@@H](NC(C)=O)C(C)C)C(=O)NC(CC(C)C)C(O)CC(=O)N[C@H](C(=O)N[C@@H](C)C(=O)O)C(C)C,,,CHEMBL1135590,J Med Chem,2002,,CHEMBL327545,,CHEMBL327545,,0,http://www.openphacts.org/units/Nanomolar,160155,>,1,1,>,,IC50,nM,,100000.0,CHEMBL4822,Homo sapiens,Beta-secretase 1,9606,,,IC50,uM,UO_0000065,,100.0,4.0
,,768125,[],CHEMBL653496,"Inhibition of human brain beta-secretase, using MBPC125Swe (maltose-binding-protein C-125 Swedish) assay",B,,,BAO_0000190,BAO_0000219,cell-based format,CSCC[C@H](NC(=O)[C@@H](NC(C)=O)C(C)C)C(=O)NC(CC(C)C)C(O)CC(=O)N[C@H](C(=O)N[C@@H](C)C(=O)N[C@@H](CCC(=O)O)C(=O)N[C@@H](Cc1ccccc1)C(=O)O)[C@H](C)O,,,CHEMBL1135590,J Med Chem,2002,"{'bei': '4.46', 'le': '0.09', 'lle': '4.80', 'sei': '1.25'}",CHEMBL1790741,,CHEMBL1790741,4.00,0,http://www.openphacts.org/units/Nanomolar,160158,=,1,1,=,,IC50,nM,,100000.0,CHEMBL4822,Homo sapiens,Beta-secretase 1,9606,,,IC50,uM,UO_0000065,,100.0,4.0
,,770323,[],CHEMBL653496,"Inhibition of human brain beta-secretase, using MBPC125Swe (maltose-binding-protein C-125 Swedish) assay",B,,,BAO_0000190,BAO_0000219,cell-based format,CC[C@H](C)[C@H](NC(=O)[C@H](CCC(=O)O)NC(=O)[C@H](CCC(=O)O)NC(=O)[C@@H](NC(=O)[C@H](CCCCN)NC(=O)[C@@H](NC(=O)[C@H](CC(N)=O)NC(=O)[C@@H](N)[C@@H](C)O)[C@@H](C)CC)[C@@H](C)O)C(=O)N[C@@H](CO)C(=O)N[C@@H](CCC(=O)O)C(=O)N[C@H](C(=O)N[C@@H](CC(N)=O)C(=O)N[C@@H](CC(C)C)C(=O)NCC(=O)N[C@@H](C)C(=O)N[C@@H](CCC(=O)O)C(=O)N[C@@H](Cc1ccccc1)C(=O)N[C@@H](CCCN=C(N)N)C(=O)O)C(C)C,Outside typical range,"Values for this activity type are unusually large/small, so may not be accurate",CHEMBL1135590,J Med Chem,2002,,CHEMBL437918,,CHEMBL437918,,0,http://www.openphacts.org/units/Nanomolar,160176,=,1,1,=,,IC50,nM,,119000.0,CHEMBL4822,Homo sapiens,Beta-secretase 1,9606,,,IC50,uM,UO_0000065,,119.0,3.9244530386074694
,,1056000,[],CHEMBL653497,Inhibition of human beta-secretase (BACE) in MBP-C125 assay,B,,,BAO_0000190,BAO_0000357,single protein format,CC(C)CC(NC(=O)Cc1ccccc1)[C@@H](O)CC(=O)N[C@@H](C(=O)N[C@H](C)C(=O)N[C@H](CCC(=O)O)C(=O)N[C@H](Cc1ccccc1)C(=O)O)C(C)C,Outside typical range,"Values for this activity type are unusually large/small, so may not be accurate",CHEMBL1145027,J Med Chem,2003,,CHEMBL298126,,CHEMBL298126,,0,http://www.openphacts.org/units/Nanomolar,86634,=,1,1,=,,IC50,nM,,130000.0,CHEMBL4822,Homo sapiens,Beta-secretase 1,9606,,,IC50,uM,UO_0000065,,130.0,3.886056647693163
,,1059695,[],CHEMBL653497,Inhibition of human beta-secretase (BACE) in MBP-C125 assay,B,,,BAO_0000190,BAO_0000357,single protein format,CC(C)CC(NC(=O)Cc1ccc(F)cc1F)[C@@H](O)CC(=O)N[C@@H](C(=O)N[C@H](C)C(=O)N[C@H](CCC(=O)O)C(=O)N[C@H](Cc1ccccc1)C(=O)O)C(C)C,Outside typical range,"Values for this activity type are unusually large/small, so may not be accurate",CHEMBL1145027,J Med Chem,2003,,CHEMBL433080,,CHEMBL433080,,0,http://www.openphacts.org/units/Nanomolar,86633,=,1,1,=,,IC50,nM,,140000.0,CHEMBL4822,Homo sapiens,Beta-secretase 1,9606,,,IC50,uM,UO_0000065,,140.0,3.853871964321762
,,1063681,[],CHEMBL653497,Inhibition of human beta-secretase (BACE) in MBP-C125 assay,B,,,BAO_0000190,BAO_0000357,single protein format,COC(=O)[C@@H]1CC(NC(=O)[C@@H](NC(=O)C[C@H](O)[C@H](CC(C)C)NC(=O)C(O)c2cccc3ccccc23)C(C)C)C[C@H](C(=O)OC)C1,Outside typical range,"Values for this activity type are unusually large/small, so may not be accurate",CHEMBL1145027,J Med Chem,2003,,CHEMBL53668,,CHEMBL53668,,0,http://www.openphacts.org/units/Nanomolar,86665,=,1,1,=,,IC50,nM,,140000.0,CHEMBL4822,Homo sapiens,Beta-secretase 1,9606,,,IC50,uM,UO_0000065,,140.0,3.853871964321762
,,768158,[],CHEMBL653496,"Inhibition of human brain beta-secretase, using MBPC125Swe (maltose-binding-protein C-125 Swedish) assay",B,,,BAO_0000190,BAO_0000219,cell-based format,CC(C)CC(NC(=O)[C@@H](N)CC(N)=O)C(O)CC(=O)N[C@H](C(=O)N[C@@H](C)C(=O)N[C@@H](CCC(=O)O)C(=O)N[C@@H](Cc1ccccc1)C(=O)O)C(C)C,Outside typical range,"Values for this activity type are unusually large/small, so may not be accurate",CHEMBL1135590,J Med Chem,2002,,CHEMBL89773,,CHEMBL89773,,0,http://www.openphacts.org/units/Nanomolar,160179,>,1,1,>,,IC50,nM,,150000.0,CHEMBL4822,Homo sapiens,Beta-secretase 1,9606,,,IC50,uM,UO_0000065,,150.0,3.8239087409443187
,,758525,[],CHEMBL653496,"Inhibition of human brain beta-secretase, using MBPC125Swe (maltose-binding-protein C-125 Swedish) assay",B,,,BAO_0000190,BAO_0000219,cell-based format,CC[C@H](C)[C@H](NC(=O)[C@H](CCC(=O)O)NC(=O)[C@H](CCC(=O)O)NC(=O)[C@@H](NC(=O)[C@@H](N)CCCCN)[C@@H](C)O)C(=O)N[C@@H](CO)C(=O)N[C@@H](CCC(=O)O)C(=O)N[C@H](C(=O)N[C@@H](CC(N)=O)C(=O)N[C@@H](CC(C)C)[C@H](O)CC(=O)N[C@@H](CC(=O)O)C(=O)N[C@@H](C)C(=O)N[C@@H](CCC(=O)O)C(=O)N[C@@H](Cc1ccccc1)C(=O)O)C(C)C,Outside typical range,"Values for this activity type are unusually large/small, so may not be accurate",CHEMBL1135590,J Med Chem,2002,,CHEMBL2370095,,CHEMBL2370095,,0,http://www.openphacts.org/units/Nanomolar,160184,>,1,1,>,,IC50,nM,,200000.0,CHEMBL4822,Homo sapiens,Beta-secretase 1,9606,,,IC50,uM,UO_0000065,,200.0,3.6989700043360187
,,767066,[],CHEMBL653496,"Inhibition of human brain beta-secretase, using MBPC125Swe (maltose-binding-protein C-125 Swedish) assay",B,,,BAO_0000190,BAO_0000219,cell-based format,CC[C@H](C)[C@H](NC(=O)[C@H](CCC(=O)O)NC(=O)[C@H](CCC(=O)O)NC(=O)[C@@H](NC(=O)[C@H](CCCCN)NC(=O)[C@@H](NC(=O)[C@H](CC(N)=O)NC(=O)[C@@H](N)[C@@H](C)O)[C@@H](C)CC)[C@@H](C)O)C(=O)N[C@@H](CO)C(=O)N[C@@H](CCC(=O)O)C(=O)N[C@H](C(=O)N[C@@H](CC(N)=O)C(=O)NCC(=O)N[C@@H](CC(=O)O)C(=O)N[C@@H](C)C(=O)N[C@@H](CCC(=O)O)C(=O)N[C@@H](Cc1ccccc1)C(=O)N[C@@H](CCCN=C(N)N)C(=O)O)C(C)C,Outside typical range,"Values for this activity type are unusually large/small, so may not be accurate",CHEMBL1135590,J Med Chem,2002,,CHEMBL440612,,CHEMBL440612,,0,http://www.openphacts.org/units/Nanomolar,160166,>,1,1,>,,IC50,nM,,200000.0,CHEMBL4822,Homo sapiens,Beta-secretase 1,9606,,,IC50,uM,UO_0000065,,200.0,3.6989700043360187
,,766014,[],CHEMBL653496,"Inhibition of human brain beta-secretase, using MBPC125Swe (maltose-binding-protein C-125 Swedish) assay",B,,,BAO_0000190,BAO_0000219,cell-based format,CC[C@H](C)[C@H](NC(=O)[C@H](CCC(=O)O)NC(=O)[C@H](CCC(=O)O)NC(=O)[C@@H](NC(=O)[C@H](CCCCN)NC(=O)[C@@H](NC(=O)[C@H](CC(N)=O)NC(=O)[C@@H](N)[C@@H](C)O)[C@@H](C)CC)[C@@H](C)O)C(=O)N[C@@H](CO)C(=O)N[C@@H](CCC(=O)O)C(=O)N[C@H](C(=O)N[C@@H](CC(N)=O)C(=O)N[C@@H](CCC(=O)O)C(=O)N[C@@H](CC(=O)O)C(=O)N[C@@H](C)C(=O)N[C@@H](CCC(=O)O)C(=O)N[C@@H](Cc1ccccc1)C(=O)N[C@@H](CCCN=C(N)N)C(=O)O)C(C)C,Outside typical range,"Values for this activity type are unusually large/small, so may not be accurate",CHEMBL1135590,J Med Chem,2002,,CHEMBL410405,,CHEMBL410405,,0,http://www.openphacts.org/units/Nanomolar,160162,>,1,1,>,,IC50,nM,,200000.0,CHEMBL4822,Homo sapiens,Beta-secretase 1,9606,,,IC50,uM,UO_0000065,,200.0,3.6989700043360187
,,761726,[],CHEMBL653496,"Inhibition of human brain beta-secretase, using MBPC125Swe (maltose-binding-protein C-125 Swedish) assay",B,,,BAO_0000190,BAO_0000219,cell-based format,CC[C@H](C)[C@H](NC(=O)[C@H](CCC(=O)O)NC(=O)[C@H](CCC(=O)O)NC(=O)[C@@H](NC(=O)[C@H](CCCCN)NC(=O)[C@@H](NC(=O)[C@H](CC(N)=O)NC(=O)[C@@H](N)[C@@H](C)O)[C@@H](C)CC)[C@@H](C)O)C(=O)N[C@@H](CO)C(=O)N[C@@H](CCC(=O)O)C(=O)N[C@H](C(=O)N[C@@H](CC(N)=O)C(=O)N[C@@H](Cc1ccccc1)C(=O)N[C@@H](CC(=O)O)C(=O)N[C@@H](C)C(=O)N[C@@H](CCC(=O)O)C(=O)N[C@@H](Cc1ccccc1)C(=O)N[C@@H](CCCN=C(N)N)C(=O)O)C(C)C,Outside typical range,"Values for this activity type are unusually large/small, so may not be accurate",CHEMBL1135590,J Med Chem,2002,,CHEMBL266203,,CHEMBL266203,,0,http://www.openphacts.org/units/Nanomolar,160164,>,1,1,>,,IC50,nM,,200000.0,CHEMBL4822,Homo sapiens,Beta-secretase 1,9606,,,IC50,uM,UO_0000065,,200.0,3.6989700043360187
,,759518,[],CHEMBL653496,"Inhibition of human brain beta-secretase, using MBPC125Swe (maltose-binding-protein C-125 Swedish) assay",B,,,BAO_0000190,BAO_0000219,cell-based format,CC[C@H](C)[C@H](NC(=O)[C@H](CCC(=O)O)NC(=O)[C@H](CCC(=O)O)NC(=O)[C@@H](NC(=O)[C@H](CCCCN)NC(=O)[C@@H](NC(=O)[C@H](CC(N)=O)NC(=O)[C@@H](N)[C@@H](C)O)[C@@H](C)CC)[C@@H](C)O)C(=O)N[C@@H](CO)C(=O)N[C@@H](CCC(=O)O)C(=O)N[C@H](C(=O)N[C@@H](CC(N)=O)C(=O)N[C@@H](C)C(=O)N[C@@H](CC(=O)O)C(=O)N[C@@H](C)C(=O)N[C@@H](CCC(=O)O)C(=O)N[C@@H](Cc1ccccc1)C(=O)N[C@@H](CCCN=C(N)N)C(=O)O)C(C)C,Outside typical range,"Values for this activity type are unusually large/small, so may not be accurate",CHEMBL1135590,J Med Chem,2002,,CHEMBL413728,,CHEMBL413728,,0,http://www.openphacts.org/units/Nanomolar,160167,>,1,1,>,,IC50,nM,,200000.0,CHEMBL4822,Homo sapiens,Beta-secretase 1,9606,,,IC50,uM,UO_0000065,,200.0,3.6989700043360187
,,761727,[],CHEMBL653496,"Inhibition of human brain beta-secretase, using MBPC125Swe (maltose-binding-protein C-125 Swedish) assay",B,,,BAO_0000190,BAO_0000219,cell-based format,CC[C@H](C)[C@H](NC(=O)[C@H](CCC(=O)O)NC(=O)[C@H](CCC(=O)O)NC(=O)[C@@H](NC(=O)[C@H](CCCCN)NC(=O)[C@@H](NC(=O)[C@H](CC(N)=O)NC(=O)[C@@H](N)[C@@H](C)O)[C@@H](C)CC)[C@@H](C)O)C(=O)N[C@@H](CO)C(=O)N[C@@H](CCC(=O)O)C(=O)N[C@H](C(=O)N[C@@H](CC(N)=O)C(=O)N[C@@H](Cc1c[nH]cn1)C(=O)N[C@@H](CC(=O)O)C(=O)N[C@@H](C)C(=O)N[C@@H](CCC(=O)O)C(=O)N[C@@H](Cc1ccccc1)C(=O)N[C@@H](CCCN=C(N)N)C(=O)O)C(C)C,Outside typical range,"Values for this activity type are unusually large/small, so may not be accurate",CHEMBL1135590,J Med Chem,2002,,CHEMBL426153,,CHEMBL426153,,0,http://www.openphacts.org/units/Nanomolar,160177,>,1,1,>,,IC50,nM,,200000.0,CHEMBL4822,Homo sapiens,Beta-secretase 1,9606,,,IC50,uM,UO_0000065,,200.0,3.6989700043360187
,,762684,[],CHEMBL653496,"Inhibition of human brain beta-secretase, using MBPC125Swe (maltose-binding-protein C-125 Swedish) assay",B,,,BAO_0000190,BAO_0000219,cell-based format,CC[C@H](C)[C@H](NC(=O)[C@H](CCC(=O)O)NC(=O)[C@H](CCC(=O)O)NC(=O)[C@@H](NC(=O)[C@H](CCCCN)NC(=O)[C@@H](NC(=O)[C@H](CC(N)=O)NC(=O)[C@@H](N)[C@@H](C)O)[C@@H](C)CC)[C@@H](C)O)C(=O)N[C@@H](CO)C(=O)N[C@@H](CCC(=O)O)C(=O)N[C@H](C(=O)N[C@@H](CC(N)=O)C(=O)N[C@@H](CCSC)C(=O)N[C@@H](CC(=O)O)C(=O)N[C@@H](C)C(=O)N[C@@H](CCC(=O)O)C(=O)N[C@@H](Cc1ccccc1)C(=O)N[C@@H](CCCN=C(N)N)C(=O)O)C(C)C,Outside typical range,"Values for this activity type are unusually large/small, so may not be accurate",CHEMBL1135590,J Med Chem,2002,,CHEMBL405808,,CHEMBL405808,,0,http://www.openphacts.org/units/Nanomolar,160165,>,1,1,>,,IC50,nM,,200000.0,CHEMBL4822,Homo sapiens,Beta-secretase 1,9606,,,IC50,uM,UO_0000065,,200.0,3.6989700043360187
,,764960,[],CHEMBL653496,"Inhibition of human brain beta-secretase, using MBPC125Swe (maltose-binding-protein C-125 Swedish) assay",B,,,BAO_0000190,BAO_0000219,cell-based format,CC[C@H](C)[C@H](NC(=O)[C@H](CCC(=O)O)NC(=O)[C@H](CCC(=O)O)NC(=O)[C@@H](NC(=O)[C@H](CCCCN)NC(=O)[C@@H](NC(=O)[C@H](CC(N)=O)NC(=O)[C@@H](N)[C@@H](C)O)[C@@H](C)CC)[C@@H](C)O)C(=O)N[C@@H](CO)C(=O)N[C@@H](CCC(=O)O)C(=O)N[C@H](C(=O)N[C@@H](CC(N)=O)C(=O)N[C@@H](CC(C)C)C(=O)N[C@@H](CC(=O)O)C(=O)N[C@@H](C)C(=O)N[C@@H](CCC(=O)O)C(=O)N[C@@H](Cc1ccccc1)C(=O)N[C@@H](CCCN=C(N)N)C(=O)O)C(C)C,Outside typical range,"Values for this activity type are unusually large/small, so may not be accurate",CHEMBL1135590,J Med Chem,2002,,CHEMBL437425,,CHEMBL437425,,0,http://www.openphacts.org/units/Nanomolar,160168,>,1,1,>,,IC50,nM,,200000.0,CHEMBL4822,Homo sapiens,Beta-secretase 1,9606,,,IC50,uM,UO_0000065,,200.0,3.6989700043360187
,,765986,[],CHEMBL653496,"Inhibition of human brain beta-secretase, using MBPC125Swe (maltose-binding-protein C-125 Swedish) assay",B,,,BAO_0000190,BAO_0000219,cell-based format,CSCC[C@H](NC(=O)[C@@H](NC(C)=O)C(C)C)C(=O)NC(CC(C)C)C(O)CC(=O)N1CCC[C@@H]1C(=O)N[C@@H](C)C(=O)N[C@@H](CCC(=O)O)C(=O)N[C@@H](Cc1ccccc1)C(=O)O,Outside typical range,"Values for this activity type are unusually large/small, so may not be accurate",CHEMBL1135590,J Med Chem,2002,,CHEMBL420418,,CHEMBL420418,,0,http://www.openphacts.org/units/Nanomolar,160157,>,1,1,>,,IC50,nM,,200000.0,CHEMBL4822,Homo sapiens,Beta-secretase 1,9606,,,IC50,uM,UO_0000065,,200.0,3.6989700043360187
,,757264,[],CHEMBL653496,"Inhibition of human brain beta-secretase, using MBPC125Swe (maltose-binding-protein C-125 Swedish) assay",B,,,BAO_0000190,BAO_0000219,cell-based format,CC[C@H](C)[C@H](NC(=O)[C@H](CCC(=O)O)NC(=O)[C@H](CCC(=O)O)NC(=O)[C@@H](NC(=O)[C@H](CCCCN)NC(=O)[C@@H](NC(=O)[C@H](CC(N)=O)NC(=O)[C@@H](N)[C@@H](C)O)[C@@H](C)CC)[C@@H](C)O)C(=O)N[C@@H](CO)C(=O)N[C@@H](CCC(=O)O)C(=O)N[C@H](C(=O)N[C@@H](CC(N)=O)C(=O)N[C@H](C(=O)N[C@@H](CC(=O)O)C(=O)N[C@@H](C)C(=O)N[C@@H](CCC(=O)O)C(=O)N[C@@H](Cc1ccccc1)C(=O)N[C@@H](CCCN=C(N)N)C(=O)O)C(C)C)C(C)C,Outside typical range,"Values for this activity type are unusually large/small, so may not be accurate",CHEMBL1135590,J Med Chem,2002,,CHEMBL405443,,CHEMBL405443,,0,http://www.openphacts.org/units/Nanomolar,160161,>,1,1,>,,IC50,nM,,200000.0,CHEMBL4822,Homo sapiens,Beta-secretase 1,9606,,,IC50,uM,UO_0000065,,200.0,3.6989700043360187
,,755047,[],CHEMBL653496,"Inhibition of human brain beta-secretase, using MBPC125Swe (maltose-binding-protein C-125 Swedish) assay",B,,,BAO_0000190,BAO_0000219,cell-based format,CC[C@H](C)[C@H](NC(=O)[C@H](CCC(=O)O)NC(=O)[C@H](CCC(=O)O)NC(=O)[C@@H](NC(=O)[C@@H](N)CCCCN)[C@@H](C)O)C(=O)N[C@@H](CO)C(=O)N[C@@H](CCC(=O)O)C(=O)N[C@H](C(=O)N[C@@H](CC(N)=O)C(=O)N[C@@H](CC(C)C)[C@H](CC(=O)N[C@@H](CC(=O)O)C(=O)N[C@@H](C)C(=O)N[C@@H](CCC(=O)O)C(=O)N[C@@H](Cc1ccccc1)C(=O)O)OC(C)=O)C(C)C,Outside typical range,"Values for this activity type are unusually large/small, so may not be accurate",CHEMBL1135590,J Med Chem,2002,,CHEMBL2370123,,CHEMBL2370123,,0,http://www.openphacts.org/units/Nanomolar,160183,>,1,1,>,,IC50,nM,,200000.0,CHEMBL4822,Homo sapiens,Beta-secretase 1,9606,,,IC50,uM,UO_0000065,,200.0,3.6989700043360187
,,1045100,[],CHEMBL653497,Inhibition of human beta-secretase (BACE) in MBP-C125 assay,B,,,BAO_0000190,BAO_0000357,single protein format,CCCCNC(=O)[C@H](NC(=O)C[C@H](O)C(CC(C)C)NC(=O)[C@H](CCSC)NC(=O)[C@@H](NC(=O)OC(C)(C)C)C(C)C)C(C)C,Outside typical range,"Values for this activity type are unusually large/small, so may not be accurate",CHEMBL1145027,J Med Chem,2003,,CHEMBL52225,,CHEMBL52225,,0,http://www.openphacts.org/units/Nanomolar,86658,>,1,1,>,,IC50,nM,,200000.0,CHEMBL4822,Homo sapiens,Beta-secretase 1,9606,,,IC50,uM,UO_0000065,,200.0,3.6989700043360187
,,785070,[],CHEMBL653496,"Inhibition of human brain beta-secretase, using MBPC125Swe (maltose-binding-protein C-125 Swedish) assay",B,,,BAO_0000190,BAO_0000219,cell-based format,CC[C@H](C)[C@H](NC(=O)[C@H](CCC(=O)O)NC(=O)[C@H](CCC(=O)O)NC(=O)[C@@H](NC(=O)[C@H](CCCCN)NC(=O)[C@@H](NC(=O)[C@H](CC(N)=O)NC(=O)[C@@H](N)[C@@H](C)O)[C@@H](C)CC)[C@@H](C)O)C(=O)N[C@@H](CO)C(=O)N[C@@H](CCC(=O)O)C(=O)N[C@H](C(=O)N[C@@H](CC(N)=O)C(=O)N[C@@H](CC(C)C)C(=O)N[C@@H](C)C(=O)N[C@@H](C)C(=O)N[C@@H](CCC(=O)O)C(=O)N[C@@H](Cc1ccccc1)C(=O)N[C@@H](CCCN=C(N)N)C(=O)O)C(C)C,Outside typical range,"Values for this activity type are unusually large/small, so may not be accurate",CHEMBL1135590,J Med Chem,2002,,CHEMBL427580,,CHEMBL427580,,0,http://www.openphacts.org/units/Nanomolar,160171,>,1,1,>,,IC50,nM,,200000.0,CHEMBL4822,Homo sapiens,Beta-secretase 1,9606,,,IC50,uM,UO_0000065,,200.0,3.6989700043360187
,,772754,[],CHEMBL653496,"Inhibition of human brain beta-secretase, using MBPC125Swe (maltose-binding-protein C-125 Swedish) assay",B,,,BAO_0000190,BAO_0000219,cell-based format,CC[C@H](C)[C@H](NC(=O)[C@H](CCC(=O)O)NC(=O)[C@H](CCC(=O)O)NC(=O)[C@@H](NC(=O)[C@H](CCCCN)NC(=O)[C@@H](NC(=O)[C@H](CC(N)=O)NC(=O)[C@@H](N)[C@@H](C)O)[C@@H](C)CC)[C@@H](C)O)C(=O)N[C@@H](CO)C(=O)N[C@@H](CCC(=O)O)C(=O)N[C@H](C(=O)N[C@@H](CC(N)=O)C(=O)N[C@@H](CCCN=C(N)N)C(=O)N[C@@H](CC(=O)O)C(=O)N[C@@H](C)C(=O)N[C@@H](CCC(=O)O)C(=O)N[C@@H](Cc1ccccc1)C(=O)N[C@@H](CCCN=C(N)N)C(=O)O)C(C)C,Outside typical range,"Values for this activity type are unusually large/small, so may not be accurate",CHEMBL1135590,J Med Chem,2002,,CHEMBL411367,,CHEMBL411367,,0,http://www.openphacts.org/units/Nanomolar,160163,>,1,1,>,,IC50,nM,,200000.0,CHEMBL4822,Homo sapiens,Beta-secretase 1,9606,,,IC50,uM,UO_0000065,,200.0,3.6989700043360187
,,1027836,[],CHEMBL653497,Inhibition of human beta-secretase (BACE) in MBP-C125 assay,B,,,BAO_0000190,BAO_0000357,single protein format,CSCC[C@H](NC(=O)[C@@H](NC(=O)OC(C)(C)C)C(C)C)C(=O)NC(CC(C)C)[C@@H](O)CC(=O)N[C@@H](C(=O)NCc1ccccc1)C(C)C,Outside typical range,"Values for this activity type are unusually large/small, so may not be accurate",CHEMBL1145027,J Med Chem,2003,,CHEMBL49711,,CHEMBL49711,,0,http://www.openphacts.org/units/Nanomolar,86659,>,1,1,>,,IC50,nM,,200000.0,CHEMBL4822,Homo sapiens,Beta-secretase 1,9606,,,IC50,uM,UO_0000065,,200.0,3.6989700043360187
,,779479,[],CHEMBL653496,"Inhibition of human brain beta-secretase, using MBPC125Swe (maltose-binding-protein C-125 Swedish) assay",B,,,BAO_0000190,BAO_0000219,cell-based format,CC[C@H](C)[C@H](NC(=O)[C@H](CCC(=O)O)NC(=O)[C@H](CCC(=O)O)NC(=O)[C@@H](NC(=O)[C@H](CCCCN)NC(=O)[C@@H](NC(=O)[C@H](CC(N)=O)NC(=O)[C@@H](N)[C@@H](C)O)[C@@H](C)CC)[C@@H](C)O)C(=O)N[C@@H](CO)C(=O)N[C@@H](CCC(=O)O)C(=O)N[C@H](C(=O)N[C@@H](CC(N)=O)C(=O)N[C@H](C(=O)N[C@@H](CC(=O)O)C(=O)N[C@@H](C)C(=O)N[C@@H](CCC(=O)O)C(=O)N[C@@H](Cc1ccccc1)C(=O)N[C@@H](CCCN=C(N)N)C(=O)O)[C@@H](C)O)C(C)C,Outside typical range,"Values for this activity type are unusually large/small, so may not be accurate",CHEMBL1135590,J Med Chem,2002,,CHEMBL2370091,,CHEMBL2370091,,0,http://www.openphacts.org/units/Nanomolar,160160,>,1,1,>,,IC50,nM,,200000.0,CHEMBL4822,Homo sapiens,Beta-secretase 1,9606,,,IC50,uM,UO_0000065,,200.0,3.6989700043360187
,,1053429,[],CHEMBL653497,Inhibition of human beta-secretase (BACE) in MBP-C125 assay,B,,,BAO_0000190,BAO_0000357,single protein format,CSCC[C@H](NC(=O)[C@@H](NC(=O)OC(C)(C)C)C(C)C)C(=O)NC(CC(C)C)[C@@H](O)CC(=O)N[C@@H](C(=O)NC1CCCCC1)C(C)C,Outside typical range,"Values for this activity type are unusually large/small, so may not be accurate",CHEMBL1145027,J Med Chem,2003,,CHEMBL298141,,CHEMBL298141,,0,http://www.openphacts.org/units/Nanomolar,86660,>,1,1,>,,IC50,nM,,200000.0,CHEMBL4822,Homo sapiens,Beta-secretase 1,9606,,,IC50,uM,UO_0000065,,200.0,3.6989700043360187
